,city,lat,lon,maxtemp,humidity,cloudiness,windspeed,country,datetime
0,jalu,29.03,21.55,59.2,35,0,11.54,LY,1607229534
1,butaritari,3.07,172.79,82.04,78,90,12.48,KI,1607229534
2,port elizabeth,-33.92,25.57,66.2,93,90,10.29,ZA,1607229449
3,yar-sale,66.83,70.83,11.26,94,92,10.4,RU,1607229534
4,lebu,-37.62,-73.65,52.09,92,96,12.15,CL,1607229534
5,ginda,30.69,78.49,61.65,29,35,3.09,IN,1607229535
6,ixtapa,20.7,-105.2,71.6,83,75,1.86,MX,1607229535
7,qaanaaq,77.48,-69.36,-8.32,70,100,5.53,GL,1607229535
8,gladstone,-23.85,151.25,87.8,48,55,17.22,AU,1607229479
9,sioux lookout,50.1,-91.92,19.4,100,90,2.24,CA,1607229535
10,phan thiet,10.93,108.1,80.76,70,45,5.3,VN,1607229535
11,punta arenas,-53.15,-70.92,55.4,76,100,12.75,CL,1607229536
12,bluff,-46.6,168.33,57.99,72,100,5.01,NZ,1607229536
13,mataura,-46.19,168.86,57.99,72,100,5.01,NZ,1607229536
14,eyrarbakki,63.86,-21.15,32.0,89,40,13.87,IS,1607229536
15,rikitea,-23.12,-134.97,77.32,77,1,14.54,PF,1607229536
16,barrow,71.29,-156.79,8.6,71,1,16.11,US,1607229536
17,enid,36.4,-97.88,39.99,79,1,4.7,US,1607229536
18,robertson,36.52,-86.87,35.6,79,20,3.42,US,1607229537
19,cape town,-33.93,18.42,63.0,72,0,8.05,ZA,1607229362
20,urumqi,43.8,87.6,14.0,85,75,2.24,CN,1607229537
21,upernavik,72.79,-56.15,11.43,92,100,11.3,GL,1607229537
22,usinsk,65.99,57.53,20.7,97,100,19.73,RU,1607229537
23,nieuw amsterdam,5.88,-55.08,79.0,92,100,1.01,SR,1607229538
24,hithadhoo,-0.6,73.08,83.12,79,90,17.67,MV,1607229538
25,lorengau,-2.02,147.27,86.65,66,49,9.06,PG,1607229538
26,erzin,36.96,36.2,41.0,100,0,3.36,TR,1607229538
27,burnie,-41.07,145.92,52.0,66,81,15.99,AU,1607229538
28,victoria,22.29,114.16,70.0,60,0,11.01,HK,1607229538
29,mahebourg,-20.41,57.7,80.6,69,40,6.93,MU,1607229539
30,thompson,55.74,-97.86,17.6,92,90,5.82,CA,1607229539
31,khatanga,71.97,102.5,-3.01,91,100,17.16,RU,1607229539
32,maragogi,-9.01,-35.22,75.43,82,25,8.43,BR,1607229489
33,sur,22.57,59.53,82.49,45,0,4.56,OM,1607229539
34,maldonado,-34.67,-54.92,51.8,87,0,3.36,UY,1607229540
35,riviere-du-loup,47.83,-69.53,30.2,74,100,16.11,CA,1607229540
36,bredasdorp,-34.53,20.04,64.4,88,100,9.17,ZA,1607229540
37,esperance,-33.87,121.9,64.4,63,90,17.22,AU,1607229540
38,athabasca,54.72,-113.29,17.6,85,5,5.79,CA,1607229540
39,maniitsoq,65.42,-52.9,28.2,96,99,13.51,GL,1607229541
40,jiaojiang,28.68,121.44,64.0,66,27,1.01,CN,1607229346
41,vaini,-21.2,-175.2,82.4,83,75,4.7,TO,1607229541
42,pirgos,35.12,25.72,57.0,84,0,4.7,GR,1607229541
43,henties bay,-22.12,14.28,59.0,90,97,3.96,NA,1607229542
44,ushuaia,-54.8,-68.3,53.6,71,40,6.08,AR,1607229406
45,mazatlan,23.22,-106.42,66.99,59,40,8.23,MX,1607229451
46,busselton,-33.65,115.33,79.0,30,56,7.54,AU,1607229542
47,krasnyy luch,48.14,38.94,17.13,89,0,15.84,UA,1607229542
48,mar del plata,-38.0,-57.56,54.0,87,0,5.82,AR,1607229543
49,brae,60.4,-1.35,42.8,87,92,11.41,GB,1607229543
50,torbay,47.67,-52.73,43.0,91,100,1.01,CA,1607229543
51,castro,-24.79,-50.01,58.35,96,100,13.38,BR,1607229525
52,kindia,10.06,-12.87,68.07,92,0,2.42,GN,1607229543
53,airai,-8.93,125.41,69.3,100,100,2.17,TL,1607229543
54,tuktoyaktuk,69.45,-133.04,1.4,77,20,19.46,CA,1607229544
55,san quintin,30.48,-115.95,55.69,53,75,2.82,MX,1607229544
56,ribeira grande,38.52,-28.7,58.68,71,97,10.71,PT,1607229544
57,boa vista,2.82,-60.67,80.6,69,0,4.7,BR,1607229389
58,saldanha,-33.01,17.94,55.4,93,68,8.05,ZA,1607229544
59,port blair,11.67,92.75,83.12,66,1,14.58,IN,1607229310
60,cidreira,-30.18,-50.21,65.68,74,98,12.19,BR,1607229545
61,puerto escondido,15.85,-97.07,77.67,76,57,3.47,MX,1607229545
62,hilo,19.73,-155.09,77.0,78,90,3.36,US,1607229521
63,san juan,-31.54,-68.54,70.39,38,5,5.28,AR,1607229545
64,gimli,50.63,-96.99,28.4,92,93,3.36,CA,1607229545
65,thabazimbi,-24.59,27.41,62.01,91,9,2.24,ZA,1607229545
66,norman wells,65.28,-126.83,10.4,85,75,2.24,CA,1607229546
67,hobart,-42.88,147.33,57.2,47,40,17.22,AU,1607229330
68,esso,55.93,158.7,6.67,89,100,1.7,RU,1607229546
69,mnogovershinnyy,53.94,139.92,4.15,90,1,6.85,RU,1607229546
70,amapa,1.0,-52.0,71.1,97,37,2.26,BR,1607229546
71,kilindoni,-7.91,39.67,81.64,69,3,3.96,TZ,1607229546
72,iqaluit,63.75,-68.51,14.0,78,90,13.87,CA,1607229547
73,kloulklubed,7.04,134.26,86.0,74,75,9.17,PW,1607229547
74,hualmay,-11.1,-77.61,66.47,86,100,9.17,PE,1607229547
75,sainte-savine,48.3,4.05,30.2,92,90,5.82,FR,1607229547
76,coquimbo,-29.95,-71.34,53.6,87,0,4.7,CL,1607229547
77,lagoa,39.05,-27.98,59.07,70,90,12.62,PT,1607229547
78,ponta do sol,32.67,-17.1,59.0,72,40,6.93,PT,1607229548
79,albany,42.6,-73.97,35.01,62,21,8.01,US,1607229325
80,puerto baquerizo moreno,-0.9,-89.6,70.97,80,96,8.01,EC,1607229548
81,constantine,36.37,6.61,37.4,74,40,13.87,DZ,1607229548
82,san patricio,28.02,-97.52,48.99,93,90,8.05,US,1607229548
83,kavieng,-2.57,150.8,85.26,64,0,10.33,PG,1607229548
84,longyearbyen,78.22,15.64,15.8,72,75,14.99,SJ,1607229549
85,tromso,69.65,18.96,32.0,95,75,6.93,NO,1607229365
86,gizo,-8.1,156.84,85.01,72,71,4.76,SB,1607229549
87,bosaso,11.28,49.18,77.27,67,31,1.77,SO,1607229549
88,katsuura,35.13,140.3,59.0,62,75,3.36,JP,1607229549
89,puerto ayora,-0.74,-90.35,71.01,91,77,3.0,EC,1607229549
90,souillac,-20.52,57.52,80.6,69,40,6.93,MU,1607229549
91,hamilton,39.18,-84.53,30.99,92,1,2.89,US,1607229448
92,kokopo,-4.35,152.26,86.14,58,26,6.26,PG,1607229550
93,pevek,69.7,170.31,10.58,93,100,6.04,RU,1607229550
94,antigonish,45.62,-62.0,55.0,96,100,10.0,CA,1607229550
95,tiksi,71.69,128.87,-11.92,88,70,5.79,RU,1607229550
96,deputatskiy,69.3,139.9,-20.69,86,91,1.86,RU,1607229551
97,sangar,63.92,127.47,-14.66,87,100,13.8,RU,1607229551
98,huarmey,-10.07,-78.15,67.48,83,100,7.36,PE,1607229551
99,arraial do cabo,-22.97,-42.03,74.53,91,96,14.85,BR,1607229551
100,ndele,8.41,20.65,70.0,31,93,3.96,CF,1607229551
101,nagato,34.38,131.2,57.0,62,40,10.29,JP,1607229551
102,port augusta,-32.5,137.77,75.2,31,90,16.11,AU,1607229552
103,dingle,11.0,122.67,82.71,83,93,8.57,PH,1607229552
104,scottsbluff,41.87,-103.67,28.99,67,1,4.7,US,1607229511
105,pitimbu,-7.47,-34.81,78.8,78,20,6.93,BR,1607229332
106,pochutla,15.74,-96.47,73.17,83,59,1.97,MX,1607229552
107,rawson,-43.3,-65.1,64.83,43,9,9.57,AR,1607229553
108,araxa,-19.59,-46.94,68.0,94,90,10.29,BR,1607229465
109,westport,41.14,-73.36,39.2,55,1,14.99,US,1607229553
110,moree,-29.47,149.85,87.8,43,100,13.87,AU,1607229553
111,hasaki,35.73,140.83,59.0,66,75,10.29,JP,1607229553
112,yellowknife,62.46,-114.35,21.2,92,90,6.93,CA,1607229369
113,ulaangom,49.98,92.07,5.68,91,95,4.59,MN,1607229554
114,nitra,48.31,18.08,50.0,76,98,25.28,SK,1607229554
115,grand gaube,-20.01,57.66,82.0,69,28,8.99,MU,1607229554
116,sibolga,1.74,98.78,85.64,59,100,4.36,ID,1607229554
117,saskylakh,71.92,114.08,0.5,92,100,10.8,RU,1607229554
118,saint-philippe,-21.36,55.77,82.4,51,0,5.82,RE,1607229554
119,nanortalik,60.14,-45.24,30.87,92,97,3.31,GL,1607229555
120,bambous virieux,-20.34,57.76,82.0,69,40,6.93,MU,1607229555
121,sao felix do xingu,-6.64,-51.99,71.91,95,91,0.92,BR,1607229555
122,gombong,-7.61,109.51,68.0,58,38,8.05,ID,1607229555
123,berlevag,70.86,29.09,35.64,81,57,39.82,NO,1607229555
124,meulaboh,4.14,96.13,82.53,69,100,4.47,ID,1607229556
125,plover,44.46,-89.54,25.0,85,75,5.37,US,1607229556
126,iralaya,15.0,-83.23,78.01,87,11,7.94,HN,1607229556
127,grindavik,63.84,-22.43,32.0,83,90,20.8,IS,1607229556
128,ahipara,-35.17,173.17,66.38,68,72,7.23,NZ,1607229556
129,jamestown,42.1,-79.24,28.99,92,90,8.05,US,1607229371
130,yambio,4.57,28.4,71.78,63,28,1.86,SS,1607229557
131,svetlaya,46.54,138.33,26.31,81,2,1.39,RU,1607229557
132,spring valley,36.11,-115.25,48.2,14,1,5.82,US,1607229557
133,saint george,37.1,-113.58,41.0,18,1,1.86,US,1607229515
134,ondjiva,-17.07,15.73,66.65,35,6,4.29,AO,1607229558
135,kapaa,22.08,-159.32,78.8,74,75,4.65,US,1607229558
136,guerrero negro,27.98,-114.06,58.12,52,77,2.55,MX,1607229558
137,galveston,29.37,-94.97,54.0,76,90,6.93,US,1607229514
138,rochefort,45.92,-1.0,44.6,87,40,18.34,FR,1607229558
139,koraput,18.82,82.72,75.36,31,0,6.93,IN,1607229559
140,provideniya,64.38,-173.3,17.53,82,0,4.43,RU,1607229559
141,hermanus,-34.42,19.23,66.99,79,100,7.0,ZA,1607229559
142,kavaratti,10.57,72.64,84.2,74,40,5.82,IN,1607229559
143,rongcheng,30.63,117.85,53.01,80,0,3.74,CN,1607229559
144,avarua,-21.21,-159.78,82.4,78,67,14.99,CK,1607229559
145,tongchuan,35.08,109.09,37.49,73,100,3.04,CN,1607229560
146,namibe,-15.2,12.15,63.72,80,14,3.47,AO,1607229367
147,sundumbili,-29.13,31.4,68.0,82,0,1.12,ZA,1607229560
148,hambantota,6.12,81.12,84.2,79,40,4.7,LK,1607229561
149,brandon,27.94,-82.29,57.99,93,1,6.67,US,1607229341
150,chino valley,34.76,-112.45,37.4,29,1,3.36,US,1607229561
151,plaisance-du-touch,43.57,1.3,42.8,87,95,17.22,FR,1607229561
152,warri,5.52,5.75,75.36,93,100,2.28,NG,1607229561
153,cooma,-36.23,149.13,55.4,50,90,17.22,AU,1607229562
154,maneromango,-7.2,38.78,75.2,94,20,5.82,TZ,1607229562
155,kibala,9.11,18.35,66.2,88,0,2.24,TD,1607229562
156,halifax,44.65,-63.57,55.99,93,100,29.97,CA,1607229562
157,oistins,13.07,-59.53,78.8,78,40,10.29,BB,1607229405
158,kamskoye ustye,55.2,49.27,-7.6,76,0,2.24,RU,1607229563
159,pisco,-13.7,-76.22,66.99,88,0,10.29,PE,1607229563
160,comodoro rivadavia,-45.87,-67.5,62.6,45,0,3.36,AR,1607229539
161,atuona,-9.8,-139.03,78.94,72,1,16.75,PF,1607229563
162,kaitangata,-46.28,169.85,57.99,77,100,4.0,NZ,1607229564
163,lethem,3.38,-59.8,77.29,78,80,10.31,GY,1607229564
164,eregli,37.51,34.05,35.29,83,0,1.16,TR,1607229564
165,necochea,-38.55,-58.74,53.01,78,0,15.43,AR,1607229564
166,antalaha,-14.9,50.28,82.49,59,72,6.46,MG,1607229564
167,bengkulu,-3.8,102.27,85.03,63,100,7.76,ID,1607229564
168,broome,42.25,-75.83,33.01,86,90,9.17,US,1607229565
169,mae sai,20.43,99.88,77.0,64,20,3.36,TH,1607229565
170,east london,-33.02,27.91,66.2,100,75,3.36,ZA,1607229502
171,tasiilaq,65.61,-37.64,23.0,85,100,1.12,GL,1607229565
172,lhokseumawe,5.18,97.15,77.09,89,100,5.82,ID,1607229565
173,aswan,24.09,32.91,58.53,36,0,6.11,EG,1607229566
174,namuac,18.61,121.17,78.22,88,90,15.43,PH,1607229566
175,elat,29.56,34.95,57.2,71,0,0.87,IL,1607229566
176,jasper,37.2,-94.35,41.0,65,1,6.38,US,1607229566
177,greenfield,42.96,-88.01,34.0,69,90,2.86,US,1607229458
178,isangel,-19.55,169.27,84.2,74,75,5.82,VU,1607229567
179,yulara,-25.24,130.99,89.6,22,89,8.05,AU,1607229567
180,macau,22.2,113.55,66.2,63,0,13.87,MO,1607229313
181,camacha,33.08,-16.33,57.2,82,20,11.41,PT,1607229567
182,mason city,43.15,-93.2,34.0,95,90,6.93,US,1607229278
183,new norfolk,-42.78,147.06,50.0,74,92,4.0,AU,1607229568
184,hobyo,5.35,48.53,80.49,69,2,9.89,SO,1607229568
185,upata,8.01,-62.4,75.99,89,3,1.99,VE,1607229568
186,ambon,-3.7,128.18,86.58,65,85,1.72,ID,1607229568
187,presidente medici,-11.18,-61.9,72.43,93,93,1.59,BR,1607229526
188,leningradskiy,69.38,178.42,13.64,89,36,7.0,RU,1607229568
189,suba,10.84,121.01,82.85,82,54,17.22,PH,1607229568
190,ayan,56.45,138.17,8.78,81,89,15.61,RU,1607229569
191,manga,11.66,-1.07,72.52,25,0,4.07,BF,1607229569
192,poum,-20.23,164.02,78.89,73,8,6.42,NC,1607229569
193,lompoc,34.64,-120.46,53.01,87,1,4.7,US,1607229569
194,bridgewater,44.38,-64.52,54.0,100,86,25.28,CA,1607229569
195,houston,29.76,-95.36,54.0,62,90,5.82,US,1607228896
196,port alfred,-33.59,26.89,69.12,87,95,16.51,ZA,1607229570
197,guskhara,23.5,87.75,80.1,32,0,2.3,IN,1607229570
198,horsham,51.06,-0.33,39.99,93,40,9.17,GB,1607229570
199,sorland,67.67,12.69,38.25,75,35,23.04,NO,1607229570
200,margate,51.38,1.39,44.01,81,98,1.01,GB,1607229570
201,kodiak,57.79,-152.41,35.6,64,90,13.87,US,1607229571
202,tevaitoa,-16.78,-151.5,80.51,79,100,17.2,PF,1607229571
203,leh,34.17,77.58,18.21,77,85,3.76,IN,1607229483
204,banda aceh,5.56,95.32,75.74,90,100,6.42,ID,1607229571
205,nikolskoye,59.7,30.79,35.6,89,90,8.95,RU,1607229571
206,bara,10.37,10.73,66.38,33,25,3.42,NG,1607229571
207,georgetown,5.41,100.34,87.8,66,20,4.7,MY,1607229572
208,narsaq,60.92,-46.05,26.6,86,99,4.65,GL,1607229572
209,pacific grove,36.62,-121.92,48.0,87,1,3.36,US,1607229572
210,harper,4.38,-7.72,77.23,85,32,3.36,LR,1607229572
211,marsh harbour,26.54,-77.06,73.9,82,30,7.2,BS,1607229315
212,viedma,-40.81,-63.0,64.99,38,1,16.87,AR,1607229385
213,kenai,60.55,-151.26,1.4,77,1,8.05,US,1607229312
214,katherine,-14.47,132.27,89.6,62,75,8.05,AU,1607229573
215,beni suef,29.07,31.1,54.23,57,0,5.21,EG,1607229573
216,buckeye,33.37,-112.58,53.01,16,0,8.05,US,1607229465
217,chicama,-7.84,-79.15,67.42,81,92,5.46,PE,1607229573
218,remscheid,51.18,7.2,37.99,89,99,2.28,DE,1607229573
219,vestmannaeyjar,63.44,-20.27,33.78,82,100,14.58,IS,1607229573
220,faanui,-16.48,-151.75,79.9,81,100,17.29,PF,1607229574
221,samarai,-10.62,150.67,85.39,73,59,14.83,PG,1607229574
222,mogadishu,2.04,45.34,80.46,75,5,9.84,SO,1607229574
223,lakes entrance,-37.88,147.98,64.44,44,93,14.63,AU,1607229574
224,price,39.6,-110.81,26.6,42,1,9.17,US,1607229574
225,cap malheureux,-19.98,57.61,82.0,69,27,8.99,MU,1607229575
226,champagnole,46.74,5.91,32.0,86,100,5.01,FR,1607229575
227,clyde river,70.47,-68.59,-0.4,84,90,4.7,CA,1607229575
228,porbandar,21.64,69.61,69.8,94,0,3.36,IN,1607229575
229,taoudenni,22.68,-3.98,63.97,44,89,9.55,ML,1607229575
230,tessalit,20.2,1.01,62.92,42,0,5.68,ML,1607229576
231,khasan,42.43,130.64,34.41,72,55,2.82,RU,1607229576
232,ende,-8.84,121.66,79.32,80,100,6.15,ID,1607229576
233,weston,26.1,-80.4,72.0,100,1,4.7,US,1607229576
234,dunedin,-45.87,170.5,55.99,77,100,1.99,NZ,1607229442
235,constitucion,-35.33,-72.42,53.29,80,23,4.29,CL,1607229577
236,geraldton,-28.77,114.6,78.8,41,0,20.8,AU,1607229577
237,kaeo,-35.1,173.78,73.0,46,70,5.01,NZ,1607229577
238,araguacu,-12.93,-49.83,72.61,95,99,2.55,BR,1607229577
239,nurota,40.56,65.69,17.6,52,0,2.24,UZ,1607229577
240,bethel,41.37,-73.41,35.6,59,20,5.82,US,1607229501
241,yumen,40.28,97.2,19.8,92,100,8.43,CN,1607229577
242,teeli,51.03,90.23,-4.09,83,86,2.24,RU,1607229578
243,taltal,-25.4,-70.48,59.49,76,27,0.89,CL,1607229578
244,escanaba,45.75,-87.06,28.99,79,90,3.36,US,1607229574
245,gushikawa,26.35,127.87,71.6,94,40,13.87,JP,1607229557
246,general pico,-35.66,-63.76,56.98,37,0,11.25,AR,1607229578
247,borger,52.92,6.79,33.01,93,100,3.36,NL,1607229578
248,daitari,21.1,85.75,78.35,39,0,0.92,IN,1607229579
249,kidal,18.44,1.41,67.42,36,47,8.39,ML,1607229579
250,saint-pierre,-21.34,55.48,82.4,51,0,5.82,RE,1607229579
251,takehara,34.34,132.92,53.6,46,20,3.36,JP,1607229579
252,northam,51.03,-4.22,45.0,87,4,7.0,GB,1607229579
253,luanda,-8.84,13.23,77.0,88,75,3.36,AO,1607229414
254,henderson,36.04,-114.98,48.2,20,1,1.48,US,1607229350
255,mbaiki,3.87,17.99,66.97,51,90,1.86,CF,1607229580
256,thanh hoa,19.8,105.77,70.32,52,44,3.49,VN,1607229580
257,avera,33.19,-82.53,41.0,77,1,5.08,US,1607229517
258,iquitos,-3.75,-73.25,73.4,94,75,1.12,PE,1607229580
259,cabo san lucas,22.89,-109.91,62.6,39,5,11.41,MX,1607229580
260,shumskiy,54.83,99.13,17.17,84,100,4.54,RU,1607229581
261,carnarvon,-24.87,113.63,82.4,51,43,24.16,AU,1607229581
262,dwarka,22.24,68.97,80.37,50,0,9.28,IN,1607229581
263,piacabucu,-10.41,-36.43,76.1,81,54,10.38,BR,1607229581
264,pierre,44.37,-100.35,32.0,69,1,11.41,US,1607229288
265,peleduy,59.63,112.74,8.24,92,100,16.96,RU,1607229581
266,ilulissat,69.22,-51.1,28.4,86,100,4.7,GL,1607229582
267,cherskiy,68.75,161.3,-11.27,82,29,1.79,RU,1607229582
268,nouadhibou,20.93,-17.03,64.4,82,100,19.46,MR,1607229582
269,biak,-0.91,122.88,86.13,63,99,0.78,ID,1607229582
270,inhambane,-23.86,35.38,73.4,88,75,2.82,MZ,1607229514
271,dikson,73.51,80.55,5.74,94,74,5.79,RU,1607229582
272,auki,-8.77,160.7,82.06,77,100,4.68,SB,1607229582
273,waipawa,-41.41,175.52,62.6,67,100,28.86,NZ,1607229583
274,eureka,40.8,-124.16,51.01,92,84,1.01,US,1607229583
275,hirara,24.8,125.28,71.6,88,75,20.8,JP,1607229583
276,xinzhou,38.41,112.73,30.7,79,1,1.63,CN,1607229583
277,marzuq,14.4,46.47,73.56,42,23,0.72,YE,1607229583
278,vila velha,-20.33,-40.29,77.0,88,90,6.93,BR,1607229438
279,capoterra,39.18,8.97,50.0,100,20,6.93,IT,1607229584
280,nantucket,41.28,-70.1,41.0,75,90,28.86,US,1607229584
281,kitimat,54.05,-128.65,43.0,95,100,2.39,CA,1607229573
282,canarana,-11.68,-41.77,66.74,84,7,5.59,BR,1607229584
283,mwense,-10.38,28.7,67.26,94,96,2.19,ZM,1607229584
284,tetouan,35.57,-5.37,50.0,81,45,13.87,MA,1607229584
285,kruisfontein,-34.0,24.73,68.0,90,96,3.0,ZA,1607229585
286,orlik,52.52,99.83,-2.04,76,100,1.43,RU,1607229585
287,tukrah,32.53,20.58,65.03,41,0,34.34,LY,1607229585
288,ugoofaaru,5.67,73.0,80.35,85,94,18.59,MV,1607229585
289,venezuela,8.0,-66.0,77.38,81,31,12.39,VE,1607229585
290,casambalangan,18.38,122.13,80.85,86,53,9.13,PH,1607229585
291,severo-kurilsk,50.68,156.12,29.46,88,76,26.13,RU,1607229586
292,madera,37.17,-119.83,55.0,42,100,2.89,US,1607229586
293,klaksvik,62.23,-6.59,35.6,71,100,8.05,FO,1607229586
294,weligama,5.97,80.42,84.83,67,67,6.17,LK,1607229586
295,mancheral,18.87,79.43,76.73,38,0,5.73,IN,1607229586
296,howard springs,-12.5,131.05,82.4,83,75,8.05,AU,1607229587
297,muros,42.78,-9.06,41.0,93,40,3.36,ES,1607229587
298,norsup,-16.07,167.38,82.4,78,75,1.12,VU,1607229587
299,contamana,-7.33,-75.02,72.52,87,100,0.83,PE,1607229587
300,marquette,46.53,-87.63,30.0,77,3,1.01,US,1607229587
301,zapolyarnyy,69.42,30.81,26.6,79,54,32.21,RU,1607229587
302,cayenne,4.93,-52.33,75.2,100,0,4.23,GF,1607229588
303,salinas,36.68,-121.66,51.01,87,1,4.7,US,1607229394
304,sedona,34.87,-111.76,51.8,17,1,13.87,US,1607229511
305,dobrun,53.19,34.25,14.0,78,0,6.71,RU,1607229588
306,rantauprapat,2.1,99.83,86.34,65,100,3.31,ID,1607229588
307,sao filipe,14.9,-24.5,75.36,76,43,10.16,CV,1607229588
308,mattru,7.62,-11.83,73.47,97,2,1.28,SL,1607229589
309,faya,18.39,42.45,53.6,93,44,5.82,SA,1607229589
310,niono,14.25,-5.99,72.59,22,93,7.76,ML,1607229589
311,ntungamo,-0.88,29.65,65.57,78,0,2.26,UG,1607229589
312,chimbote,-9.09,-78.58,66.15,86,99,4.38,PE,1607229589
313,tiznit,29.58,-9.5,48.06,73,0,2.08,MA,1607229589
314,esil,51.96,66.4,0.93,91,0,4.65,KZ,1607229590
315,muhos,64.81,25.99,36.0,100,90,5.82,FI,1607229590
316,ucluelet,48.93,-125.55,50.0,87,100,4.0,CA,1607229306
317,moura,38.14,-7.45,41.0,93,0,8.05,PT,1607229590
318,flint,43.01,-83.69,26.6,79,90,2.51,US,1607229590
319,karratha,-20.74,116.85,93.79,43,12,12.1,AU,1607229590
320,paamiut,61.99,-49.67,32.52,93,100,11.14,GL,1607229591
321,uusikaupunki,60.8,21.41,41.0,100,90,8.05,FI,1607229591
322,oparino,59.85,48.28,15.33,92,16,8.28,RU,1607229591
323,srednekolymsk,67.45,153.68,-25.65,86,59,3.2,RU,1607229591
324,naze,28.37,129.48,66.2,100,75,17.22,JP,1607229591
325,khabary,53.63,79.53,2.28,92,98,4.27,RU,1607229591
326,tomatlan,19.93,-105.25,68.34,82,95,2.37,MX,1607229591
327,elliot lake,46.38,-82.63,23.0,79,1,8.05,CA,1607229540
328,hay river,60.82,-115.8,33.8,86,100,8.05,CA,1607229592
329,tocopilla,-22.09,-70.2,64.38,62,85,4.12,CL,1607229592
330,hokitika,-42.72,170.97,54.21,87,100,7.9,NZ,1607229592
331,husavik,66.04,-17.34,14.0,72,0,5.82,IS,1607229592
332,mehamn,71.04,27.85,34.54,84,92,37.98,NO,1607229592
333,nome,64.5,-165.41,1.4,70,1,9.57,US,1607229593
334,juneau,58.3,-134.42,46.4,93,90,25.28,US,1607229593
335,puerto penasco,31.32,-113.53,57.0,24,0,3.0,MX,1607229593
336,fairbanks,64.84,-147.72,-2.2,77,90,1.97,US,1607229426
337,manono,-7.3,27.42,69.64,93,24,1.32,CD,1607229593
338,kasempa,-13.46,25.83,65.52,91,100,5.44,ZM,1607229594
339,maracacume,-2.04,-45.96,73.08,96,100,2.37,BR,1607229594
340,asosa,10.07,34.53,68.43,35,0,6.8,ET,1607229594
341,ponta delgada,37.73,-25.67,55.4,87,40,8.05,PT,1607229594
342,miri,4.41,114.01,87.8,70,40,8.05,MY,1607229594
343,shingu,33.73,135.98,62.6,42,40,8.05,JP,1607229594
344,watertown,42.37,-71.18,36.0,89,90,21.92,US,1607229433
345,kautokeino,69.01,23.04,18.64,90,1,4.07,NO,1607229595
346,kahului,20.89,-156.47,78.8,65,40,9.13,US,1607229595
347,kismayo,-0.36,42.55,82.69,70,29,8.16,SO,1607229595
348,tselinnoye,53.08,85.67,5.72,93,93,3.24,RU,1607229595
349,san cristobal,7.77,-72.22,64.65,83,68,1.36,VE,1607229595
350,college,64.86,-147.8,-2.2,77,90,2.06,US,1607229596
351,brewster,41.4,-73.62,36.0,59,20,5.82,US,1607229596
352,zhigansk,66.77,123.37,-10.17,89,100,28.32,RU,1607229596
353,torring,55.85,9.48,37.4,100,90,3.36,DK,1607229596
354,kulunda,52.57,78.94,-0.22,93,84,2.98,RU,1607229596
355,hofn,64.25,-15.21,28.9,87,0,8.28,IS,1607229597
356,kyshtovka,56.55,76.63,9.07,94,100,8.86,RU,1607229597
357,shushtar,32.05,48.86,65.08,67,73,6.4,IR,1607229597
358,yavatmal,20.4,78.13,76.01,32,8,7.09,IN,1607229597
359,codrington,-38.27,141.97,58.6,65,90,22.3,AU,1607229597
360,vulcan,45.38,23.27,39.85,89,66,6.26,RO,1607229597
361,san andres,12.58,-81.7,80.6,83,40,12.75,CO,1607229426
362,ossora,59.24,163.07,12.29,88,100,4.43,RU,1607229598
363,novovasylivka,46.83,35.75,27.48,82,0,18.97,UA,1607229598
364,french harbor,16.35,-86.43,78.01,100,20,4.7,HN,1607229598
365,laguna,38.42,-121.42,48.2,70,1,3.36,US,1607229598
366,casma,-41.01,-73.12,53.6,87,100,3.33,CL,1607229598
367,eyl,7.98,49.82,78.96,66,87,9.84,SO,1607229598
368,polunochnoye,60.87,60.42,16.63,95,77,6.04,RU,1607229599
369,tiarei,-17.53,-149.33,82.4,69,40,9.17,PF,1607229599
370,hurghada,27.26,33.81,62.6,45,0,9.17,EG,1607229599
371,lianran,24.92,102.48,61.0,71,40,17.9,CN,1607229484
372,moerai,-22.43,-151.33,78.73,82,74,15.66,PF,1607229599
373,vila franca do campo,37.72,-25.43,55.4,87,40,8.05,PT,1607229600
374,coruripe,-10.13,-36.18,75.85,82,50,11.18,BR,1607229600
375,padang,-0.95,100.35,86.72,60,63,6.62,ID,1607229300
376,sandnessjoen,66.02,12.63,35.6,80,0,13.87,NO,1607229600
377,gorontalo,0.54,123.06,88.02,66,81,3.65,ID,1607229600
378,firminopolis,-16.58,-50.3,68.9,92,100,3.36,BR,1607229601
379,chichi,7.27,8.93,75.42,85,55,8.39,NG,1607229601
380,tshikapa,-6.42,20.8,69.82,96,100,3.0,CD,1607229601
381,kailua,21.4,-157.74,78.8,69,75,4.7,US,1607229601
382,kulachi,31.93,70.46,72.25,24,4,8.03,PK,1607229601
383,sistranda,63.73,8.83,37.4,69,75,5.82,NO,1607229602
384,terrace bay,48.78,-87.1,23.0,92,81,1.12,CA,1607229309
385,cam ranh,11.92,109.16,80.6,65,75,17.22,VN,1607229602
386,mazatan,14.87,-92.45,75.2,100,40,4.5,MX,1607229602
387,chokurdakh,70.63,147.92,-30.82,81,5,5.44,RU,1607229602
388,kaduna,10.52,7.44,67.71,28,68,5.55,NG,1607229603
389,nuuk,64.18,-51.72,28.4,100,82,6.93,GL,1607229402
390,te anau,-45.42,167.72,52.43,71,99,8.12,NZ,1607229603
391,cairns,-16.92,145.77,89.01,58,8,9.17,AU,1607229424
392,owando,-0.48,15.9,70.36,98,100,1.92,CG,1607229603
393,port-gentil,-0.72,8.78,78.4,85,99,8.57,GA,1607229546
394,teahupoo,-17.83,-149.27,82.4,69,40,9.17,PF,1607229604
395,sokoni,-6.43,39.55,81.64,68,6,2.55,TZ,1607229604
396,kutum,14.2,24.67,59.56,30,34,8.25,SD,1607229604
397,gat,31.61,34.76,55.99,100,3,8.21,IL,1607229604
398,vao,-22.67,167.48,75.79,83,2,18.16,NC,1607229604
399,vanimo,-2.67,141.3,84.31,75,94,4.41,PG,1607229604
400,turkistan,43.0,68.0,17.64,81,96,5.03,KZ,1607229605
401,khuzhir,53.19,107.34,16.2,87,100,11.07,RU,1607229605
402,riyadh,24.69,46.72,64.4,42,40,8.05,SA,1607229461
403,nakamura,32.98,132.93,61.72,54,0,2.48,JP,1607229605
404,inongo,-1.95,18.27,69.66,96,100,4.5,CD,1607229606
405,neuquen,-38.95,-68.06,77.0,27,0,12.75,AR,1607229551
406,bafq,31.61,55.41,50.23,78,100,2.68,IR,1607229606
407,oktyabrskiy,54.48,53.47,4.6,85,0,1.28,RU,1607229606
408,kirakira,-10.45,161.92,79.88,83,89,5.08,SB,1607229606
409,calvinia,-31.47,19.78,68.07,35,0,3.38,ZA,1607229606
410,komsomolskiy,40.43,71.72,35.6,74,85,2.24,UZ,1607229607
411,mackay,-21.15,149.2,89.01,55,35,18.34,AU,1607229607
412,honningsvag,70.98,25.97,36.03,80,93,39.39,NO,1607229607
413,voh,-20.97,164.7,82.92,61,13,7.94,NC,1607229607
414,mayo,38.89,-76.51,42.8,48,40,9.17,US,1607229608
415,okhotsk,59.38,143.3,-5.04,84,0,16.55,RU,1607229608
416,pinas,-3.67,-79.65,65.19,86,96,0.51,EC,1607229608
417,longyan,25.11,117.02,69.01,51,0,3.0,CN,1607229608
418,ostrovnoy,68.05,39.51,35.87,87,55,21.79,RU,1607229608
419,san ramon,37.78,-121.98,50.0,56,1,4.7,US,1607229608
420,portland,45.52,-122.68,44.01,65,90,12.75,US,1607229528
421,makakilo city,21.35,-158.09,80.6,69,90,5.82,US,1607229609
422,linhares,-19.39,-40.07,71.28,96,79,2.73,BR,1607229609
423,bereda,43.27,-7.54,37.99,95,87,3.91,ES,1607229609
424,puntarenas,9.98,-84.84,69.8,64,0,9.17,CR,1607229609
425,ambanja,-13.68,48.45,82.9,72,32,1.74,MG,1607229609
426,quebec,46.81,-71.21,30.2,68,100,2.24,CA,1607229327
427,evanston,42.04,-87.69,36.0,69,75,3.44,US,1607229455
428,progreso,21.28,-89.67,75.99,88,40,3.36,MX,1607229610
429,muscat,23.61,58.59,77.0,61,0,4.7,OM,1607229610
430,lipari,38.47,14.95,68.0,61,66,3.0,IT,1607229611
431,kamyshin,50.1,45.42,10.65,95,74,11.77,RU,1607229611
432,chinsali,-10.54,32.08,70.45,78,20,0.98,ZM,1607229611
433,seoul,37.57,126.98,50.0,45,40,3.36,KR,1607229380
434,sao jose da coroa grande,-8.9,-35.15,75.97,81,18,8.79,BR,1607229611
435,khvorostyanka,52.61,48.96,4.05,91,0,4.43,RU,1607229611
436,dokri,27.37,68.1,76.84,18,0,6.04,PK,1607229612
437,ejura,7.39,-1.36,71.92,92,44,3.98,GH,1607229612
438,talnakh,69.49,88.4,8.6,92,40,6.71,RU,1607229422
439,poco das trincheiras,-9.31,-37.29,71.44,81,62,7.31,BR,1607229612
440,yenagoa,4.92,6.26,74.7,94,95,2.77,NG,1607229612
441,basoko,1.24,23.62,70.68,92,37,2.82,CD,1607229613
442,mori,34.83,137.93,63.0,58,75,5.82,JP,1607229613
443,ulladulla,-35.35,150.47,78.8,24,0,21.92,AU,1607229613
444,touros,-5.2,-35.46,77.0,83,0,6.93,BR,1607229613
445,republic,37.12,-93.48,39.99,80,1,4.7,US,1607229614
446,hojai,26.0,92.87,70.0,73,0,1.32,IN,1607229614
447,praya,14.92,-23.51,73.4,73,20,12.75,CV,1607229614
448,puerto santander,8.36,-72.41,73.29,93,97,0.94,CO,1607229614
449,sergeyevka,53.88,67.42,0.97,91,32,4.38,KZ,1607229614
450,la union,-5.4,-80.75,69.73,76,90,11.27,PE,1607229615
451,vilhena,-12.74,-60.15,68.52,98,81,3.69,BR,1607229615
452,trudovoye,43.31,132.08,30.2,54,19,3.44,RU,1607229615
453,lazaro cardenas,17.96,-102.2,74.5,79,19,3.89,MX,1607229616
454,beringovskiy,63.05,179.32,21.79,94,94,1.83,RU,1607229616
455,kabinda,-6.13,24.48,67.96,94,8,1.3,CD,1607229616
456,byron bay,-28.65,153.62,98.6,69,99,16.11,AU,1607229616
457,chuy,-33.7,-53.46,54.9,69,43,3.62,UY,1607229617
458,alto araguaia,-17.31,-53.22,69.98,83,100,4.68,BR,1607229617
459,wakefield,53.68,-1.5,39.0,96,100,5.01,GB,1607229453
460,liverpool,53.41,-2.98,41.0,93,98,3.36,GB,1607229617
461,mulanje,-16.03,35.5,75.4,81,84,4.7,MW,1607229617
462,richards bay,-28.78,32.04,74.57,69,0,16.75,ZA,1607229617
463,kvitok,56.07,98.48,14.99,94,100,11.32,RU,1607229617
464,fortuna,40.6,-124.16,51.01,93,87,5.99,US,1607229618
465,starokostyantyniv,49.76,27.2,30.49,95,97,17.09,UA,1607229618
466,duiwelskloof,-23.69,30.14,62.35,89,100,2.46,ZA,1607229618
467,bologoye,57.88,34.11,27.54,94,13,9.37,RU,1607229375
468,erlenbach,49.17,9.27,34.0,97,100,2.33,DE,1607229618
469,primorsk,46.73,36.34,30.87,87,0,26.82,UA,1607229618
470,charagua,-19.8,-63.22,64.02,65,98,7.38,BO,1607229619
471,wanning,18.8,110.4,69.15,81,93,11.59,CN,1607229619
472,severo-yeniseyskiy,60.37,93.04,1.49,94,98,9.51,RU,1607229619
473,kaura namoda,12.59,6.58,73.17,25,88,8.48,NG,1607229619
474,korla,41.76,86.15,31.12,81,85,2.8,CN,1607229619
475,saint-augustin,51.23,-58.65,31.77,94,100,5.53,CA,1607229620
476,araceli,10.55,119.99,83.16,82,100,12.44,PH,1607229620
477,verkhnyaya inta,65.98,60.31,17.22,96,100,23.94,RU,1607229620
478,la ronge,55.1,-105.28,32.0,96,99,4.7,CA,1607229620
479,asau,46.43,26.4,35.01,20,100,3.67,RO,1607229620
480,sokoto,13.06,5.24,71.35,26,41,6.11,NG,1607229620
481,aksaray,38.37,34.03,24.8,92,0,2.24,TR,1607229572
482,itoman,26.12,127.67,71.6,83,75,19.46,JP,1607229445
483,buala,-8.14,159.59,83.05,78,88,2.55,SB,1607229621
484,omsukchan,62.53,155.8,-1.82,89,100,2.3,RU,1607229621
485,udachnyy,66.42,112.4,8.6,78,75,15.66,RU,1607229621
486,tynda,55.17,124.72,-0.53,88,0,1.34,RU,1607229436
487,ankang,32.68,109.02,43.0,33,97,0.51,CN,1607229621
488,port hardy,50.7,-127.42,50.0,66,90,10.29,CA,1607229621
489,sturgeon bay,44.83,-87.38,30.2,80,90,5.82,US,1607229622
490,antofagasta,-23.65,-70.4,60.8,87,40,5.82,CL,1607229622
491,yarim,14.3,44.38,55.45,76,0,0.85,YE,1607229622
492,la asuncion,11.03,-63.86,80.6,88,0,12.75,VE,1607229622
493,coihaique,-45.58,-72.07,55.4,71,0,3.65,CL,1607229622
494,linkou,45.3,130.28,20.1,91,100,7.2,CN,1607229361
495,saint-joseph,-21.37,55.62,82.4,51,0,5.82,RE,1607229623
496,mao,39.89,4.27,48.2,81,40,10.29,ES,1607229623
497,grand-lahou,5.14,-5.02,77.72,88,2,7.87,CI,1607229623
498,alakurtti,66.97,30.35,33.01,96,100,1.01,RU,1607229623
499,rio grande,-32.03,-52.1,60.01,80,95,7.18,BR,1607229591
500,novyy urengoy,66.08,76.63,5.36,94,58,10.36,RU,1607229624
501,umea,63.83,20.26,39.99,100,100,11.41,SE,1607229376
502,amahai,-3.33,128.92,86.58,67,96,6.08,ID,1607229624
503,sobolevo,54.43,31.9,22.41,86,0,11.95,RU,1607229624
504,rorvik,64.86,11.24,39.11,76,100,10.58,NO,1607229624
505,ketchikan,55.34,-131.65,48.2,100,90,13.87,US,1607229624
506,murgab,37.5,61.97,26.6,53,0,4.7,TM,1607229625
507,turukhansk,65.82,87.98,12.27,96,100,10.63,RU,1607229625
508,tombouctou,20.0,-3.0,66.04,34,0,9.28,ML,1607229625
509,arlit,18.74,7.39,72.12,21,11,6.55,NE,1607229625
510,malaya,14.4,121.34,90.0,74,40,3.36,PH,1607229625
511,road town,18.42,-64.62,78.01,88,0,1.01,VG,1607229626
512,okmulgee,35.62,-95.96,44.6,73,1,6.93,US,1607229626
513,caravelas,-17.71,-39.25,72.84,89,25,4.14,BR,1607229626
514,itarema,-2.92,-39.92,79.65,80,100,15.48,BR,1607229626
515,saint anthony,45.02,-93.22,34.0,80,90,3.36,US,1607229472
516,kiama,-34.68,150.87,82.99,33,0,8.99,AU,1607229627
517,akdepe,42.06,59.38,6.8,77,0,4.7,TM,1607229627
518,sulangan,11.14,123.72,82.92,79,100,14.58,PH,1607229627
519,portsmouth,50.8,-1.09,39.0,90,94,1.01,GB,1607229627
520,alta floresta,-9.88,-56.09,71.51,98,100,1.83,BR,1607229627
521,repalle,16.02,80.85,82.4,48,20,13.87,IN,1607229627
522,vangaindrano,-23.35,47.6,72.91,81,100,1.43,MG,1607229366
523,pakxan,18.38,103.66,78.12,36,0,2.59,LA,1607229628
524,ngunguru,-35.62,174.5,73.0,46,97,5.01,NZ,1607229628
525,vieste,41.88,16.18,61.0,77,75,17.22,IT,1607229628
526,luderitz,-26.65,15.16,59.63,87,52,10.71,NA,1607229628
527,wajima,37.4,136.9,50.0,71,75,5.82,JP,1607229628
528,san jose,37.34,-121.89,52.0,71,40,2.57,US,1607228983
529,zhoucheng,35.91,116.31,46.6,52,20,3.53,CN,1607229629
530,cockburn town,21.46,-71.14,78.93,74,33,8.63,TC,1607229629
531,shelburne,44.08,-80.2,24.01,91,93,9.4,CA,1607229629
532,zyryanka,65.75,150.85,-27.24,85,12,0.09,RU,1607229629
533,manokwari,-0.87,134.08,84.74,74,100,10.51,ID,1607229472
534,kawalu,-7.38,108.21,87.1,56,56,2.46,ID,1607229629
535,salalah,17.02,54.09,71.6,56,0,2.24,OM,1607229630
536,prado,-17.34,-39.22,74.05,86,27,5.7,BR,1607229630
537,banjar,-8.19,114.97,87.8,66,20,5.82,ID,1607229630
538,takoradi,4.88,-1.76,77.7,86,43,5.77,GH,1607229422
539,kulykiv,50.31,24.82,35.01,98,62,15.7,UA,1607229630
540,hami,42.8,93.45,28.98,75,85,0.72,CN,1607229631
541,kieta,-6.22,155.63,84.72,66,96,5.91,PG,1607229631
542,bilibino,68.05,166.44,2.71,91,100,1.25,RU,1607229631
543,roma,43.21,-75.46,32.0,93,90,14.99,US,1607229388
544,seymchan,62.88,152.43,-5.67,90,100,1.48,RU,1607229632
545,ancud,-41.87,-73.82,50.0,66,0,3.36,CL,1607229632
546,merrill,45.18,-89.68,24.8,92,1,2.95,US,1607229594
547,karagaylinskiy,54.17,86.55,7.57,93,67,2.71,RU,1607229632
548,san joaquin,37.93,-121.3,48.99,61,1,4.7,US,1607229632
549,skibbereen,51.55,-9.27,41.0,86,75,5.82,IE,1607229632
550,saquena,-4.67,-73.52,71.94,98,89,1.19,PE,1607229633
551,quang ngai,15.12,108.8,69.24,89,100,7.67,VN,1607229633
552,flinders,-34.58,150.86,82.99,33,0,8.99,AU,1607229633
553,bantry,51.68,-9.45,41.0,86,75,5.82,IE,1607229633
554,gotsu,35.0,132.22,53.6,62,75,4.7,JP,1607229559
555,alice springs,-23.7,133.88,84.2,25,40,12.75,AU,1607229633
556,okha,53.57,142.95,12.92,92,33,12.95,RU,1607229633
